{"stats":{"minecraft:killed":{"minecraft:pig":1},"minecraft:picked_up":{"minecraft:porkchop":1,"paraglider:spirit_orb":1},"minecraft:mined":{"minecraft:oak_leaves":3},"minecraft:custom":{"minecraft:jump":78,"minecraft:time_since_rest":0,"minecraft:deaths":1,"minecraft:damage_dealt":100,"minecraft:damage_taken":260,"minecraft:leave_game":2,"minecraft:sprint_one_cm":31418,"minecraft:play_time":8660,"minecraft:time_since_death":0,"minecraft:walk_on_water_one_cm":2566,"minecraft:walk_one_cm":89424,"minecraft:total_world_time":8660,"minecraft:walk_under_water_one_cm":7882,"minecraft:mob_kills":1,"minecraft:damage_dealt_absorbed":42,"minecraft:swim_one_cm":25,"minecraft:fall_one_cm":4163,"minecraft:fly_one_cm":27742},"minecraft:used":{"epicfight:uchigatana":1,"minecraft:bread":1}},"DataVersion":2975}