{"stats":{"minecraft:mined":{"minecraft:oak_leaves":3},"minecraft:picked_up":{"minecraft:porkchop":1,"paraglider:spirit_orb":1},"minecraft:killed":{"minecraft:pig":1},"minecraft:used":{"epicfight:uchigatana":1,"minecraft:bread":1},"minecraft:custom":{"minecraft:jump":76,"minecraft:time_since_rest":8626,"minecraft:damage_dealt":100,"minecraft:leave_game":1,"minecraft:sprint_one_cm":31418,"minecraft:play_time":8626,"minecraft:walk_on_water_one_cm":2241,"minecraft:time_since_death":8626,"minecraft:walk_one_cm":88811,"minecraft:total_world_time":8626,"minecraft:walk_under_water_one_cm":7020,"minecraft:mob_kills":1,"minecraft:damage_dealt_absorbed":42,"minecraft:swim_one_cm":25,"minecraft:fall_one_cm":1312,"minecraft:fly_one_cm":27680}},"DataVersion":2975}